ts,value
1757635200,1.0489092269857894
1757548800,1.0567030051633142
